id,Year,Author,Title
1,2001,"Martel,Yann",LifeofPi
2,2002,"Kidd,SueMonk",TheSecretLifeofBees
3,2002,"Sebold,Alice",LovelyBones
4,2003,"Hosseini,Khaled",TheKiteRunner
5,2004,"Mitchell,David",CloudAtlas
6,2004,"Picoult,Jodi",MySistersKeeper
7,2005,"Connelly,Michael",TheLincolnLawyer
8,2005,"Gardner,Lisa",Alone
9,2005,"Giffin,Emily",SomethingBorrowed
10,2005,"Larsson,Stieg",TheGirlWithTheDragonTattoo
11,2005,"SafranFoer,Jonathan",ExtremelyLoudandIncrediblyClose
12,2006,"Brooks,Max",WorldWarZ
13,2006,"Gruen,Sara",WaterforElephants
14,2006,"Jacobs,Kate",FridayNightKnitting
15,2006,"Larsson,Stieg",TheGirlWhoPlayedWithFire
16,2006,"Sparks,Nicholas",DearJohn
17,2007,"deRosnay,Tatiana",SarahsKey
18,2007,"Diaz,Junot",TheBriefWondrousLifeofOscarWao
19,2007,"Follett,Ken",WorldWithoutEnd
20,2007,"Hosseini,Khaled",AThousandSplendid
21,2007,"Larsson,Stieg",TheGirlWhoKickedThe Hornet'sNest
22,2007,"Young,WilliamP.",TheShack
23,2008,"Akpan,Uwem",SayYoureOne
24,2008,"Beck,Glenn",ChristmasSweater
25,2008,"Benioff,David",CityofThieves
26,2008,"Cleave,Chris",LittleBee
27,2008,"Cornwell,Patricia",Scarpetta
28,2008,"Grisham,John",TheAppeal
29,2008,"Hannah,Kristin",FireflyLane
30,2008,"Hilderbrand,Elin",Barefoot
31,2008,"Meyer,Stephanie",TheHost
32,2008,"Patterson,James",CrossCountry
33,2008,"Patterson,James",SundaysatTiffanys
34,2008,"Shaffer,MaryAnn",TheGuernseyLiteraryandPotatoPeelPie
35,2008,"Sittenfeld,Curtis",AmericanWife
36,2008,"Sparks,Nicholas",TheLuckyOne
37,2008,"Stein,Garth",TheArtofRacingintheRain
38,2008,"Strout,Elizabeth",OliveKItteridge
39,2008,"Wroblewski,David",TheStoryofEdgarSawtelle
40,2009,"Blake,Sarah",Postmistress
41,2009,"Brown,Dan",TheLostSymbol
42,2009,"Conroy,Pat",SouthofBroad
43,2009,"Goolrick,Robert",AReliableWife
44,2009,"Grahame-Smith,Seth",PrideandPrejudiceandZombies
45,2009,"Grisham,John",TheAssociate
46,2009,"King,Stephen",UndertheDome
47,2009,"Nicholls,David",OneDay
48,2009,"Patterson,James",8thConfession
49,2009,"Patterson,James",RunForYourLife
50,2009,"Patterson,James",SwimSuit
51,2009,"Roberts,Nora",VisioninWhite
52,2009,"Sparks,Nicholas",TheLastSong
53,2009,"Stockett,Kathryn",TheHelp
54,2009,"Verghese,Abraham",CuttingforStone
55,2009,"Walls,Jeannette",HalfBroke
56,2009,"Weiner,Jennifer",BestFriendsForever
57,2010,"Clancy,Tom",DeadorAlive
58,2010,"Donoghue,Emma",Room
59,2010,"Egan,Jennifer",AVisitFromtheGoon
60,2010,"Franzen,Jonathan",Freedom
61,2010,"Grahame-Smith,Seth",AbrahamLincoln-VampireHunter
62,2010,"Hannah,Kristin",WinterGarden
63,2010,"Obreht,Tea",TheTigersWife
64,2010,"Patterson,James",9thJudgment
65,2010,"Patterson,James",CrossFire
66,2010,"Picoult,Jodi",HouseRules
67,2010,"Roberts,Nora",SavortheMoment
68,2010,"Sandford,John",StolenPrey
69,2010,"Sparks,Nicholas",SafeHaven
70,2011,"Auel,JeanM.",TheLandofPaintedCaves
71,2011,"Baldacci,David",OneSummer
72,2011,"Baldacci,David",TheSixthMan
73,2011,"Baldacci,David",ZeroDay
74,2011,"Brown,Sandra",Lethal
75,2011,"Chan,Darcie",TheMillRiverRecluse
76,2011,"Child,Lee",TheAffair
77,2011,"Clancy,Tom",AgainstAllEnemies
78,2011,"Clancy,Tom",LockedOn
79,2011,"Clark,MaryHiggins",IllWalkAlone
80,2011,"Connelly,Michael",TheDrop
81,2011,"Connelly,Michael",TheFifthWitness
82,2011,"Cussler,Clive",Jungle
83,2011,"Eugenides,Jeffrey",MarriagePlot
84,2011,"Evanovich,Janet",ExplosiveEighteen
85,2011,"Evanovich,Janet",SmokinSeventeen
86,2011,"Gardner,Lisa",LoveYouMore
87,2011,"Grafton,Sue",VisForVengeance
88,2011,"Grisham,John",TheLitigators
89,2011,"Harkness,Deborah",DiscoveryofW
90,2011,"Harris,Charlaine",DeadReckoning
91,2011,"James,EL",FiftyShadesofGrey
92,2011,"James,PD",DeathComestoPemberley
93,2011,"King,Stephen",112263
94,2011,"King,Stephen",DoctorSleep
95,2011,"Martin,George",ADancewithDragons
96,2011,"Morgenstern,Erin",NightCircus
97,2011,"Patchett,Ann",StateofWonder
98,2011,"Patterson,James",10thAnniversary
99,2011,"Patterson,James",ChristmasWedding
100,2011,"Patterson,James",KillAlexCross
101,2011,"Patterson,James",KillMeIfYouCan
102,2011,"Patterson,James",NowYouSeeHer
103,2011,"Patterson,James",TickTock
104,2011,"Patterson,James",Toys
105,2011,"Picoult,Jodi",SingYouHome
106,2011,"Preston,Douglas",ColdVengeance
107,2011,"Roberts,Nora",ChasingFire
108,2011,"Roberts,Nora",TheNextAlways
109,2011,"Rothfuss,Patrick",WiseMansFear
110,2011,"Sandford,John",BuriedPrey
111,2011,"Sparks,Nicholas",TheBestofMe
112,2011,"Thor,Brad",FullBlack
113,2012,"Albom,Mitch",TimeKeeper
114,2012,"Baldacci,David",TheForgotten
115,2012,"Baldacci,David",TheInnocent
116,2012,"Binchy,Maeve",AWeekinWinter
117,2012,"Child,Lee",AWantedMan
118,2012,"Clancy,Tom",ThreatVector
119,2012,"Connelly,Michael",TheBlackBox
120,2012,"Day,Sylvia",BaredtoYou
121,2012,"Day,Sylvia",ReflectedinYou
122,2012,"DeMille,Nelson",ThePanther
123,2012,"Evanovich,Janet",NotoriousNineteen
124,2012,"Evanovich,Janet",WickedBusiness
125,2012,"Flynn,Gillian",GoneGirl
126,2012,"Flynn,Vince",KillShot
127,2012,"Flynn,Vince",TheLastMan
128,2012,"Follett,Ken",WinteroftheWorld
129,2012,"Giffin,Emily",WhereWeBelong
130,2012,"Grisham,John",CalicoJoe
131,2012,"Grisham,John",TheConfession
132,2012,"Grisham,John",TheRacketeer
133,2012,"Harris,Charlaine",Deadlocked
134,2012,"Hoover,Colleen",Hopeless
135,2012,"James,EL",FiftyShadesDarker
136,2012,"James,EL",FiftyShadesFreed
137,2012,"Kingsolver,Barbara",FlightBehavior
138,2012,"Landay,William",DefendingJacob
139,2012,"Lyons,CJ",BlindFaith
140,2012,"McLain,Paula",TheParisWife
141,2012,"Patterson,James",11thHour
142,2012,"Patterson,James",GuiltyWives
143,2012,"Patterson,James",PrivateGames
144,2012,"Picoult,Jodi",LoneWolf
145,2012,"Roberts,Nora",PerfectHope
146,2012,"Roberts,Nora",PerfectHope
147,2012,"Roberts,Nora",TheWitness
148,2012,"Rowling,JK",TheCasualVacancy
149,2012,"Sandford,John",MadRiver
150,2012,"Semple,Maria",WheredYouGoBernadette
151,2012,"Sorensen,Jessica",CoincidenceofCallie
152,2012,"Stedman,ML",LightBetweenOceans
153,2012,"Walter,Jess",BeautifulRuins
154,2013,"Albom,Mitch",FirstPhoneCall
155,2013,"Atkinson,Kate",LifeAfterLife
156,2013,"Baldacci,David",KingandMaxwell
157,2013,"Baldacci,David",TheHit
158,2013,"Brown,Dan",Inferno
159,2013,"Child,Lee",HighHeat
160,2013,"Child,Lee",NeverGoBack
161,2013,"Clancy,Tom",CommandAuthority
162,2013,"Clark,MaryHiggins",DaddysGone
163,2013,"Connelly,Michael",GodsofGuilt
164,2013,"Day,Sylvia",EntwinedwithYou
165,2013,"Evanovich,Janet",TakedownTwenty
166,2013,"Galbraith,Robert",TheCuckoosCalling
167,2013,"Grisham,John",SycamoreRow
168,2013,"Harris,Charlaine",DeadEverAfter
169,2013,"Hosseini,Khaled",AndtheMountainsEchoed
170,2013,"Jordan,Robert",AMemoryofLight
171,2013,"King,Stephen",Joyland
172,2013,"Kline,ChristinaBaker",OrphanTrain
173,2013,"Lynn,J",WaitForYou
174,2013,"Moriarty,Liane",TheHusbandsSecret
175,2013,"Munro,Alice",DearLife
176,2013,"Patterson,James",12thofNever
177,2013,"Patterson,James",AlexCrossRun
178,2013,"Patterson,James",Mistress
179,2013,"Patterson,James",PrivateBerlin
180,2013,"Patterson,James",SecondHoneymoon
181,2013,"Patterson,James",Zoo
182,2013,"Picoult,Jodi",TheStoryteller
183,2013,"Roberts,Nora",DarkWitch
184,2013,"Roberts,Nora",LastBoyfriend
185,2013,"Roberts,Nora",WhiskeyBeach
186,2013,"Saunders,George",TenthOfDecember
187,2013,"Silva,Daniel",EnglishGirl
188,2013,"Sparks,Nicholas",TheLongestRide
189,2013,"Tartt,Donna",The Goldfinch
190,2014,"Baldacci,David",Target
191,2014,"Clark,MaryHiggins",IveGotYouUnder
192,2014,"Coben,Harlan",MissingYou
193,2014,"Coben,Harlan",SixYears
194,2014,"Kidd,SueMonk",TheInventionofWings
195,2014,"Paige,Laurelin",TheFixedTrilogy
196,2014,"Patterson,James",NYPDRed2
197,2014,"Patterson,James",Private1Suspect
198,2014,"Patterson,James",PrivateLA
199,2014,"Roberts,Nora",ShadowSpell
200,2014,"Roberts,Nora",TheCollector
201,2002,"Baker,Jo",Offcomer
202,2010,"Grodstein,Lauren",AFriendoftheFamily
203,2011,"Stevens,Taylor",TheInformationist
204,2012,"Erlings,Fridrik",BoyontheEdge
205,2012,"Harbach,Chad",TheArtofFielding
206,2012,"Redekop,Corey",Husk
207,2012,"Stedman,ML",TheLightBetweenOceans
208,2012,"Swan,Susan",TheWesternLight
209,2013,"Atwood,Margaret",MaddAddam
210,2013,"Baker,Kevin",TheBigCrowd
211,2013,"Baker,Nicholson",TravellingSprinkler
212,2013,"Boyden,Joseph",TheOrenda
213,2013,"Cain,Chelsea",LetMeGo
214,2013,"Cantor,Jillian",Margot
215,2013,"Carpenter,Lea",ElevenDays
216,2013,"Clanchy,Kate",MeetingtheEnglish
217,2013,"Coetzee,JM",TheChildhoodofJesus
218,2013,"Collins,Ciaran",TheGamal
219,2013,"Crain,Caleb",NecessaryErrors
220,2013,"Cullen,Lynn",MrsPoe
221,2013,"DeSa,Anthony",KickingtheSky
222,2013,"Fawcett,Brian",HumanHappiness
223,2013,"Fielding,Helen",BridgetJonesMadAbouttheBoy
224,2013,"Flood,Cynthia",RedGirlRatBoy
225,2013,"Galland,Nicole",Godiva
226,2013,"Gilbert,Elizabeth",TheSignatureofAllThings
227,2013,"Gillmor,Don",MountPleasant
228,2013,"Grady,Wayne",EmancipationDay
229,2013,"Grisham,John",SycamoreRow
230,2013,"Ireland,Ann",TheBlueGuitar
231,2013,"Johnston,Wayne",TheSonofaCertainWoman
232,2013,"Koch,Herman",TheDinner
233,2013,"Landay,William",DefendingJacob
234,2013,"Lawson,Mary",RoadEnds
235,2013,"LeirenYoung,Mark",FreeMagicSecretsRevealed
236,2013,"Lemaitre,Pierre",Alex
237,2013,"Manning,Kate",MyNotoriousLife
238,2013,"Marias,Javier",TheInfatuations
239,2013,"Mathis,Ayana",TheTwelveTribesofHattie
240,2013,"McGill,Robert",OnceWeHadaCountry
241,2013,"McMillan,Terry",WhoAskedYou
242,2013,"Messud,Claire",TheWomanUpstairs
243,2013,"Moore,Lisa",Caught
244,2013,"Moyes,Jojo",MeBeforeYou
245,2013,"Peace,David",RedorDead
246,2013,"Pessl,Marisha",NightFilm
247,2013,"Phillips,JayneAnne",QuietDell
248,2013,"Piatigorsky,Anton",TheIronBridge
249,2013,"Reza,Yasmina",HappyaretheHappy
250,2013,"Rosenblatt,Roger",TheBoyDetective
251,2013,"Selvadurai,Shyam",TheHungryGhosts
252,2013,"Szado,Ania",StudioSaintEx
253,2013,"Tartt,Donna",TheGoldfinch
254,2013,"Toperoff,Sam",LillianandDash
255,2013,"Wascom,Kent",TheBloodofHeaven
256,2013,"Watson,SJ",BeforeIGotoSleep
257,2013,"Weber,Joanne",TheDeafHouse
258,2013,"Wilk,Lucie",TheStrengthofBone
259,2013,"Winter,Michael",MinisterWithoutPortfolio
260,2013,"Wuitchik,Michael",MyHeartIsNotMyOwn
261,2014,"Abbott,Megan",TheFever
262,2014,"Ackroyd,Peter",ThreeBrothers
263,2014,"Adler,HG",TheWall
264,2014,"Barthelme,Frederick",ThereMustBeSomeMistake
265,2014,"Bausch,Robert",FarastheEyecanSee
266,2014,"Baxter,Greg",MunichAirport
267,2014,"Bezmozgis,David",TheBetrayers
268,2014,"Billingham,Mark",TheBonesBeneath
269,2014,"BirdWilson,Lisa",JustPretending
270,2014,"Black,Benjamin",TheBlackEyedBlonde
271,2014,"Buwalda,Peter",BonitaAvenue
272,2014,"Casey,Maud",TheManWhoWalkedAway
273,2014,"Clement,Jennifer",PrayersfortheStolen
274,2014,"Cohen,LeahHager",NoBookbuttheWorld
275,2014,"Cole,Teju",EveryDayisfortheThief
276,2014,"Cook,Jude",ByronEasy
277,2014,"Coover,Robert",TheBrunistDayofWrath
278,2014,"Cunningham,Michael",TheSnowQueen
279,2014,"Dahl,Julia",InvisibleCity
280,2014,"Danticat,Edwidge",ClaireoftheSeaLight
281,2014,"Derasmo,Stacey",Wonderland
282,2014,"Doctorow,EL",AndrewsBrain
283,2014,"Doerr,Anthony",AlltheLightWeCannotSee
284,2014,"Faber,Michel",TheBookofStrangeNewThings
285,2014,"Farah,Nuruddin",HidinginPlainSight
286,2014,"Ferris,Joshua",ToRiseAgainataDecentHour
287,2014,"Ford,Richard",LetmebeFrankwithYou
288,2014,"Freud,Esther",MrMacandMe
289,2014,"Galbraith,Robert",TheSilkworm
290,2014,"Galchen,Rivka",AmericanInnovations
291,2014,"Galloway,Steven",TheConfabulist
292,2014,"Gay,Roxane",AnUntamedState
293,2014,"Goldberg,Tod",Gangsterland
294,2014,"Hadley,Tessa",CleverGirl
295,2014,"Harun,Adrianne",AManCameOutofaDoorintheMountain
296,2014,"Hawkins,Paula",TheGirlontheTrain
297,2014,"Heller,Peter",ThePainter
298,2014,"Hemmings,KauiHart",ThePossibilities
299,2014,"Hoffman,Alice",TheMuseumofExtraordinaryThings
300,2014,"Hoffman,Cara",BeSafeILoveYou
301,2014,"Huneven,Michelle",OffCourse
302,2014,"Hustvedt,Siri",TheBlazingWorld
303,2014,"Itani,Frances",Tell
304,2014,"Jacobson,Howard",J
305,2014,"James,Marlon",ABriefHistoryofSevenKillings
306,2014,"Jin,Ha",AMapofBetrayal
307,2014,"Jones,Sadie",Fallout
308,2014,"Kapoor,Deepti",ABadCharacter
309,2014,"Kaysen,Susanna",Cambridge
310,2014,"Kidd,SueMonk",TheInventionofWings
311,2014,"King,Stephen",Revival
312,2014,"Klay,Phil",Redeployment
313,2014,"Koch,Herman",SummerHouse
314,2014,"Korelitz,JeanHanff",YouShouldHaveKnown
315,2014,"Lazar,Zachary",IPitythePoorImmigrant
316,2014,"Lee,ChangRae",OnSuchaFullSea
317,2014,"Levine,Daniel",Hyde
318,2014,"Lish,Atticus",PreparationfortheNextLife
319,2014,"Ma,Kathryn",TheYearSheLeftUs
320,2014,"Martin,Valerie",TheGhostoftheMaryCeleste
321,2014,"Matthiessen,Peter",InParadise
322,2014,"Maupin,Armistead",TheDaysofAnnaMadrigal
323,2014,"May,Stephen",WakeUpHappy
324,2014,"McMurty,Larry",TheLastKindWordsSaloon
325,2014,"Mengestu,Dinaw",AllOurNames
326,2014,"Miller,Sue",TheArsonist
327,2014,"Mirvis,Tova",VisibleCity
328,2014,"Mohamed,Nadifa",TheOrchardofLostSouls
329,2014,"Moran,Caitlin",HowtoBuildaGirl
330,2014,"Morton,Brian",Florence
331,2014,"Nesbit,TaraShea",TheWivesofLosAlamos
332,2014,"Newman,Sandra",TheCountryofIceCream
333,2014,"Nunn,Kem",Chance
334,2014,"Offill,Jenny",DeptofSpeculation
335,2014,"Ohle,David",TheOldReactor
336,2014,"Palahniuk,Chuck",BeautifulYou
337,2014,"Paull,Laline",TheBees
338,2014,"Petterson,Per",I Refuse
339,2014,"Prose,Francine",LoversattheChameleonClubParis1932
340,2014,"Quindlen,Anna",StillLifewithBreadCrumbs
341,2014,"Rahman,ZiaHader",IntheLightofWhatWeKnow
342,2014,"Rieger,Susan",TheDivorcePapers
343,2014,"Savage,Sam",ItWillEndWithUs
344,2014,"Segal,Lore",HalftheKingdom
345,2014,"Sharma,Akhil",FamilyLife
346,2014,"Shipstead,Maggie",AstonishMe
347,2014,"Simpson,Mona",Casebook
348,2014,"Smiley,Jane",SomeLuck
349,2014,"Smith,Andrew",GrasshopperJungle
350,2014,"Stace,Wesley",Wonderkid
351,2014,"StAubyn,Edward",LostforWords
352,2014,"Stibbe,Nina",ManattheHelm
353,2014,"Tierce,Merritt",LoveMeBack
354,2014,"Toews,Miriam",AllMyPunySorrows
355,2014,"Townsend,Jacinda",SaintMonkey
356,2014,"Ullmann,Linn",TheColdSong
357,2014,"Venturini,Fred",HeartDoesNotGrowBack
358,2014,"Walker,Casey",LastDaysinSHanghai
359,2014,"Wood,Naomi",MrsHemingway
360,2014,"Wroe,Simon",ChipChop
361,2014,"Zink,Nell",TheWallcreeper
362,2015,"Ackerman,Elliot",GreenonBlue
363,2015,"Albert,Elisa",AfterBirth
364,2015,"Benditt,John",TheBoatmaker
365,2015,"Blackwood,Scott",SeeHowSmall
366,2015,"Christie,Michael",IfIFall
367,2015,"Ciment,Jill",ActofGod
368,2015,"Costello,Mary",Academy Street
369,2015,"Essbaum,JillAlexander",Hausfrau
370,2015,"Fishbane, Joel",The Thunder of Giants
371,2015,"Flournoy, Angela",The Turner House
372,2015,"Freeman, Anna",The Fair Fight
373,2015,"Gattis,Ryan",All Involved
374,2015,"Handler,Daniel",WearePirates
375,2015,"Hemmings,KauiHart",ThePossibilities
376,2015,"Hua,Yu",TheSeventhDay
377,2015,"James,Tania",TheTuskthatDid
378,2015,"July,Miranda",TheFirstBadMan
379,2015,"Kanon,Joseph",LeavingBerlin
380,2015,"Knausgaard,Karl",Dancing in the Dark (My Struggle)
381,2015,"Metcalf,Ben",AgainsttheCountry
382,2015,"Morrison, Toni",God Help the Child
383,2015,"NguyenThanh,Viet",TheSympathizer
384,2015,"Oates,JoyceCarol",TheSacrifice
385,2015,"Scotton,Christopher",ScretWisdomoftheEarth
386,2015,"Steinhauer,Olen",AlltheOldKnives
387,2015,"Treuer, David",Prudence
388,2015,"Tyler,Anne",ASpoolofBlueThread
389,2015,"Vaillant,John",TheJaguarsChildren
390,2015,"VandenBerg,Laura",FindMe
391,2015,"Vann,David",Aquarium
392,2015,"Yanagihara,Hanya",ALittleLife
393,2015,"Yglesias,Rafael",TheWisdomofPerversity
394,2003,"Landay,William",MissionFlats
395,2005,"Johnson,Craig",TheColdDish
396,2009,"Flynn,Gillian",DarkPlaces
397,2009,"Griffiths,Elly",TheCrossingPlaces
398,2010,"Atkinson,Kate",StartedEarlyTookMyDog
399,2010,"Burke,JamesLee",TheGlassRainbow
400,2010,"Connolly,John",TheWhisperers
401,2010,"Dugoni,Robert",BodilyHarm
402,2010,"George,Elizabeth",ThisBodyofDeath
403,2010,"Gerritsen,Tess",IceCold
404,2010,"Goodman,Carol",ArcadiaFalls
405,2010,"Hand,Dana",DeepCreek
406,2010,"King,LaurieR",TheGodoftheHive
407,2010,"Laurie,Victoria",AGlimpseofEvil
408,2010,"McKinlay,Jenn",SprinklewithMurder
409,2010,"Robotham,Michael",BleedForMe
410,2010,"Webber,Heather",TrulyMadly
411,2011,"Aaronovitch,Ben",MidnightRiot
412,2011,"Bolton,Sharon",NowYouSeeMe
413,2011,"McKinlay,Jenn",BooksCanbeDeceiving
414,2011,"OConnell,Carol",TheChalkGirl
415,2011,"Sandford,John",BuriedPrey
416,2011,"Slaughter,Karin",Fallen
417,2011,"SpencerFleming,Julia",OneWasASoldier
418,2011,"Stevens,Chevy",NeverKnowing
419,2011,"Vicary,Tim",BoldCounsel
420,2011,"Watson,SJ",BeforeIGotoSleep
421,2012,"Barclay,Linwood",TrustYourEyes
422,2012,"Burke,JamesLee",CreoleBelle
423,2012,"Crais,Robert",Taken
424,2012,"Elliot,Kendra",Hidden
425,2012,"Fforde,Jasper",TheWomanWhoDiedaLot
426,2012,"Frazier,LA",BackontheMarket
427,2012,"French,Nicci",BlueMonday
428,2012,"George,Elizabeth",TheEdgeofNowhere
429,2012,"Hobbs,Roger",Ghostman
430,2012,"Kellerman,Jonathan",Victims
431,2012,"McPherson,Catriona",DandyGilver
432,2012,"Morton,Kate",TheSecretKeeper
433,2012,"Rankin,Ian",StandinginAnotherMansGrave
434,2012,"Robotham,Michael",SayYoureSorry
435,2012,"Ronald,RD",TheZombieRoom
436,2012,"Runcie,James",SidneyChambersandTheShadow
437,2012,"Scottoline,Lisa",ComeHome
438,2012,"Shapiro,BA",TheArtForger
439,2012,"Sloan,Robin",MrPenumbras24Hour
440,2012,"Swank,DeniseGrover",TwentyNineandaHalfReasons
441,2012,"Unger,Lisa",Heartbroken
442,2013,"Beukes,Lauren",TheShiningGirls
443,2013,"Busby,Sian",ACommonplaceKilling
444,2013,"Connelly,Michael",TheGodsofGuilt
445,2013,"Cornwell,Patricia",Dust
446,2013,"Coulter,Catherine",Bombshell
447,2013,"Crais,Robert",Suspect
448,2013,"Crouch,Blake",Wayward
449,2013,"Fairstein,Linda",DeathAngel
450,2013,"French,Nicci",TuesdaysGone
451,2013,"Jio,Sarah",TheLastCamellia
452,2013,"Krueger,WilliamKent",OrdinaryGrace
453,2013,"McCreight,Kimberly",ReconstructingAmelia
454,2013,"O'Connell,Carol",ItHappensintheDark
455,2013,"Pessl,Marisha",NightFilm
456,2013,"Phillips,JayneAnne",QuietDell
457,2013,"Quick,Amanda",TheMysteryWoman
458,2013,"Raimondo,Lynne",DantesWood
459,2013,"Rankin,Ian",SaintsoftheShadowBible
460,2013,"Reichs,Kathy",BonesoftheLost
461,2013,"Robertson,Imogen",TheParisWinter
462,2013,"Smith,AlexanderMccall",TheMinorAdjustmentBeauty
463,2013,"SpencerFleming,Julia",ThroughtheEvilDays
464,2013,"Swank,DeniseGrover",TwentyEightandAHalfWishes
465,2013,"Tyson,Wendy",KillerImage
466,2013,"Winspear,Jacqueline",LeavingEverythingMostLoved
467,2013,"Zander,Joakim",TheSwimmer
468,2013,"Ziskin,JamesW",Styx&Stones
469,2014,"Abani,Chris",TheSecretHistoryofLasVegas
470,2014,"AdlerOlsen,Jussi",TheMarcoEffect
471,2014,"Atkins,Ace",RobertBParkersCheapShot
472,2014,"Barclay,Linwood",NoSafeHouse
473,2014,"Bouman,Tom",DryBonesintheValley
474,2014,"Box,CJ",StoneCold
475,2014,"Bradley,Alan",TheDeadinTheirVaulted
476,2014,"Brown,Sandra",MeanStreak
477,2014,"Casey,Jane",TheStrangerYouKnow
478,2014,"Cash,Wiley",ThisDarkRoadtoMercy
479,2014,"Coben,Harlan",MissingYou
480,2014,"Connelly,Michael",TheBurningRoom
481,2014,"Connolly,John",TheWolfinWinter
482,2014,"Cornwell,Patricia",FleshandBlood
483,2014,"Dahl,Julia",InvisibleCity
484,2014,"Deaver,Jeffery",TheBoneCollector
485,2014,"Donoghue,Emma",FrogMusic
486,2014,"Dougherty,Victoria",TheBoneChurch
487,2014,"Dugoni,Robert",MySistersGrave
488,2014,"Eskens,Allen",TheLifeWeBury
489,2014,"Evanovich,Janet",TopSecretTwentyOne
490,2014,"Fairstein,Linda",TerminalCity
491,2014,"Fitzpatrick,Becca",BlackIce
492,2014,"French,Tana",TheSecretPlace
493,2014,"Galbraith,Robert",TheSilkworm
494,2014,"Gerritsen,Tess",DieAgain
495,2014,"Hawkins,Paula",TheGirlontheTrain
496,2014,"Healey,Emma",ElizabethisMissing
497,2014,"Hendrix,Grady",Horrorstor
498,2014,"Hinton,Lynne",SisterEvePrivateEye
499,2014,"Jones,Darynda",SixthGraveontheEdge
500,2014,"Klise,James",TheArtofSecrets
501,2014,"Kubica,Mary",TheGoodGirl
502,2014,"Lashner,William",Bagmen
503,2014,"Lashner,William",TheBarkeep
504,2014,"McKenzie,CB",BadCountry
505,2014,"McPherson,Catriona",TheDaySheDied
506,2014,"Murphy,Hunter",ImogeneinNewOrleans
507,2014,"Nesbo,Jo",TheSon
508,2014,"Neville,Stuart",TheFinalSilence
509,2014,"Nolen,RL",DeadlyThyme
510,2014,"Papernick,Jonathan",TheBookofStone
511,2014,"Penny,Louise",TheLongWayHome
512,2014,"Picoult,Jodi",LeavingTime
513,2014,"Pryor,Mark",TheBloodPromise
514,2014,"Pryor,Mark",TheButtonMan
515,2014,"Raimondo,Lynne",DantesPoison
516,2014,"Reade,Amy",SecretsofHallsteadHouse
517,2014,"Reichs,Kathy",BonesNeverLie
518,2014,"Rickstad,Eric",TheSilentGirls
519,2014,"Robb,JD",FestiveinDeath
520,2014,"Shafer,David",WhiskeyTangoFoxtrot
521,2014,"Sherratt,Mel",WatchingOverYou
522,2014,"Slaughter,Karin",CopTown
523,2014,"Smith,AlexanderMccall",TheHandsomeMansDeLuxe
524,2014,"Smith,TomRob",TheFarm
525,2014,"Stelmach,Orest",TheBoyWhoGlowedintheDark
526,2014,"Sternbergh,Adam",ShovelReady
527,2014,"Stevens,Chevy",ThatNight
528,2014,"Turner,Stevie",AHouseWithoutWindows
529,2014,"Unger,Lisa",IntheBlood
530,2014,"Weaver,Ashley",MurderattheBrightwell
531,2015,"Aaronovitch,Ben",FoxgloveSummer
532,2015,"Ahdieh,Renee",TheWrathandtheDawn
533,2015,"Ahlborn,Ania",WithinTheseWalls
534,2015,"Arlen,Tessa",DeathofaDishonorableGentlemen
535,2015,"Atkins,Ace",RobertBParkersKickback
536,2015,"Berry,Steve",ThePatriotThreat
537,2015,"Bolton,Sharon",LittleBlackLies
538,2015,"Box,CJ",Endangered
539,2015,"Bradley,Alan",AsChimneySweepersCometoDust
540,2015,"Child,Lincoln",TheForgottenRoom
541,2015,"Coben,Harlan",TheStranger
542,2015,"Cotterill,Colin",SixandaHalfDeadlySins
543,2015,"Deaver,Jeffery",SolitudeCreek
544,2015,"Elliot,Kendra",Spiraled
545,2015,"Gardner,Lisa",Crash&Burn
546,2015,"Green,Simon",TheDarkSideoftheRoad
547,2015,"Griffiths,Elly",TheGhostFields
548,2015,"Hinton,Lynne",TheCaseoftheSinCitySister
549,2015,"Hunter,Stephen",IRipper
550,2015,"Iles,Greg",TheBoneTree
551,2015,"Jaff,Sophie",LoveisRed
552,2015,"Johnson,Craig",DryBones
553,2015,"Johnston,Tim",Descent
554,2015,"Jones,Darynda",EighthGraveAfterDark
555,2015,"Juba,Stacy",DarkBeforeDawn
556,2015,"Kellerman,Jonathan",Motive
557,2015,"King,LaurieR",DreamingSpies
558,2015,"King,Stephen",FindersKeepers
559,2015,"Knight,Renee",Disclaimer
560,2015,"Knoll,Jessica",LuckiestGirlAlive
561,2015,"Lanyon,Josh",WinterKill
562,2015,"Latham,Jennifer",ScarlettUndercover
563,2015,"Marsons,Angela",EvilGames
564,2015,"Marsons,Angela",SilentScream
565,2015,"Matthews,Jason",PalaceofTreason
566,2015,"McCreight,Kimberly",WhereTheyFoundHer
567,2015,"Mosley,Walter",AndSometimesIWonder
568,2015,"Oliver,Lauren",VanishingGirls
569,2015,"Palmer,Daniel",Desperate
570,2015,"Patterson,James",14thDeadlySin
571,2015,"Patterson,James",Unlucky13
572,2015,"Pearl,Matthew",TheLastBookaneer
573,2015,"Price,Richard",TheWhites
574,2015,"Pulley,DM",TheDeadKey
575,2015,"Quick,Amanda",GardenofLies
576,2015,"Robb,JD",ObsessioninDeath
577,2015,"Ryan,Carrie",DaughterofDeepSilence
578,2015,"Salvalaggio,Karin",BurntRiver
579,2015,"Sandford,John",GatheringPrey
580,2015,"Scottoline,Lisa",EveryFifteenMinutes
581,2015,"Sherratt,Mel",FollowtheLeader
582,2015,"Stelmach,Orest",TheAlterGirl
583,2015,"Stokes,Paula",LiarsInc
584,2015,"Summers,Courtney",AlltheRage
585,2015,"Swanson,Peter",TheKindWorthKilling
586,2015,"Swyler,Erika",TheBookofSpeculation
587,2015,"Thomas,Rob",VeronicaMars
588,2015,"Tremayne,SK",TheIceTwins
589,2015,"Tyson,Wendy",DyingBrand
590,2015,"Wallace,Michael",CrowHollow
591,2015,"Walsh,MO",MySunshineAway
592,2015,"White,Karen",TheSoundofGlass
593,2015,"Winspear,Jacqueline",ADangerousPlace
594,2005,"Boyden,Joseph",ThreeDayRoad
595,2005,"Fried,Golda",Nellcott
596,2005,"Gill,Charlotte",Ladykiller
597,2005,"Pate,Kathy",Alphabet
598,2006,"Cole,Trevor",TheFearsomeParticles
599,2007,"Chariandy,David",Soucouyant
600,2007,"Gowdy,Barbara",Helpless
601,2007,"ONeill,Heather",LullabiesforLittle
602,2008,"Hage,Rawi",Cockroach
603,2008,"Richards,DavidAdam",TheLostHighway
604,2008,"Stenson,Fred",GreatKaroo
605,2009,"Munro,Alice",TooMuchHappiness
606,2009,"Crummey,Michael",Galore
607,2009,"Lyon,Annabel",TheGoldenMean
608,2010,"Birdsell,Sandra",WaitingForJoe
609,2010,"Donoghue,Emma",Room
610,2010,"HaydenTaylor,Drew",MotorcyclesandSweetgrass
611,2010,"Winter,Kathleen",Annabel
612,2011,"Bezmozgis,David",TheFreeWorld
613,2011,"Endicott,Marina",LittleShadows
614,2011,"Zentner,Alexi",Touch
615,2012,"Dobozy,Tamas",Siege13
616,2012,"Hough,Robert",DrBrinkley
617,2012,"Lam,Vincent",TheHeadmastersWager
618,2012,"Snyder,Carrie",TheJulietStories
619,2013,"Bonert,Kenneth",LionSeeker
620,2013,"Boyden,Joseph",Orenda
621,2013,"McAdam,Colin",ABeautifulTruth
622,2013,"Selvadurai,Shyam",HungryGhosts
623,2014,"Crummey,Michael",Sweetland
624,2014,"Gaston,Bill",JulietWasASurprise
625,2014,"HoldenRothman,Claire",MyOctober
626,2014,"Thomas,Joan",OpeningSky
627,2006,"Behrens,Peter",LawofDreams
628,2008,"Ricci,Nino",OriginofSpecies
629,2009,"Pullinger,Kate",MistressofNothing
630,2010,"Warren,Dianne",CoolWater
631,2012,"Spalding,Linda",Purchase
632,2013,"Catton,Eleanor",Luminaries
633,2014,"King,Thomas",TheBackoftheTurtle
634,2005,"Danticat,Edwidge",DewBreaker
635,2005,"Yarbrough,Steve",PrisonersofWar
636,2006,"Fisher,Karen",ASuddenCountry
637,2006,"Salter,James",LastNight
638,2006,"Wagner,Bruce",TheChrysanthemumPalace
639,2007,"DAmbrosio,Charles",TheDeadFishMuseum
640,2007,"Eisenberg,Deborah",TwilightoftheSuperheroes
641,2007,"Hempel,Amy",TheCollectedStoriesofAmyHempel
642,2007,"Jones,EdwardP",AuntHagar
643,2008,"Dillard,Annie",TheMaytrees
644,2008,"Leavitt,David",TheIndianClerk
645,2008,"Rash,Ron",ChemistryandOtherStories
646,2009,"Bynum,SarahShun-lien",MsHempel
647,2009,"Choi,Susan",APersonofInterest
648,2009,"Price,Richard",LushLife
649,2009,"Rash,Ron",Serena
650,2010,"Kingsolver,Barbara",TheLacuna
651,2010,"Moore,Lorrie",GateAt
652,2010,"Watson,Brad",AliensinthePrimeofTheirLives
653,2010,"Whitehead,Colson",SagHarbor
654,2011,"Egan,Jennifer",AVisitFrom
655,2011,"Puchner,Eric",ModelHome
656,2012,"Banks,Russell",LostMemory
657,2012,"DeLillo,Don",TheAngelEsmeralda
658,2012,"Desai,Anita",TheArtistofDisappearance
659,2012,"Hunt,Laird",KindOne
660,2012,"Johnson,TGeronimo",HoldItTillItHurts
661,2012,"Millhauser,Steven",WeOthersNew&SelectedStories
662,2013,"Gray,Amelia",Threats
663,2013,"Mallon,Thomas",Watergate
664,2014,"Alarcon,Daniel",AtNightWeWalkinCircles
665,2014,"Everett,Percival",PercivalEverett
666,2014,"Silber,Joan",FoolsStories
667,2014,"Trueblood,Valerie",SearchPartyStoriesofRescue
668,2005,"Jin,Ha",WarTrash
669,2007,"Roth,Philip",Everyman
670,2008,"Christensen,Kate",GreatMan
671,2009,"ONeill,Joseph",Netherland
672,2010,"Alexie,Sherman",WarDances
673,2011,"Eisenberg,Deborah",TheCollectedStoriesofDeborahEisenberg
674,2012,"Otsuka,Julie",BuddhaIn
675,2013,"AlireSaenz,Benjamin",EverythingBeginsandEndsattheKentucky
676,2014,"Fowler,KarenJoy",WeareAll
677,2005,"Barfoot,Joan",Luck
678,2005,"Gibb,Camilla",SweetnessintheBelly
679,2005,"Moore,Lisa",Alligator
680,2005,"Ravel,Edeet",WallofLight
681,2006,"Grenville,Kate",SecretRiver
682,2006,"Hage,Rawi",DeNirosGame
683,2006,"Quiviger,Pascale",PerfectCircle
684,2006,"Soucy,Gaetan",ImmaculateConception
685,2006,"Windley,Carol",HomeSchooling
686,2007,"Ondaatje,Michael",Divisadero
687,2007,"Vassanji,MG",AssassinsSong
688,2007,"York,Alissa",Effigy
689,2008,"DeSa,Anthony",BarnacleLove
690,2008,"Endicott,Marina",GoodtoaFault
691,2008,"Swan,Mary",BoysintheTrees
692,2009,"Echlin,Kim",Disappeared
693,2009,"McAdam,Colin",Fall
694,2009,"Michaels,Anne",TheWinterVault
695,2010,"Bergen,David",TheMatterwithMorris
696,2010,"MacLeod,Alexander",LightLifting
697,2010,"Selecky,Sarah",CakeisForPartyStories
698,2011,"Coady,Lynn",Antagonist
699,2011,"Ondaatje,Michael",CatsTable
700,2012,"Ohlin,Alix",Inside
701,2012,"Richler,Nancy",ImposterBride
702,2012,"Thuy,Kim",Ru
703,2012,"Wangersky,Russell",WhirlAwayStories
704,2013,"Bock,Dennis",GoingHomeAgain
705,2013,"Davidson,Craig",CataractCity
706,2013,"Moore,Lisa",Caught
707,2013,"Vyleta,Dan",TheCrookedMaid
708,2014,"Bezmozgis,David",TheBetrayers
709,2014,"Itani,Frances",Tell
710,2014,"ONeill,Heather",GirlWhoWasSaturday
711,2014,"Toews,Miriam",AllmyPunySorrows
712,2014,"Viswanathan,Padma",EverAfterofAshwin
713,2005,"Bergen,David",TheTimeinBetween
714,2006,"Lam,Vincent",BloodlettingandMiraculousCures
715,2007,"Hay,Elizabeth",LateNights
716,2008,"Boyden,Joseph",ThroughBlackSpruce
717,2009,"Macintyre,Linden",BishopsMan
718,2010,"Skibsrud,Johanna",Sentimentalists
719,2012,"Ferguson,Will",419
720,2013,"Coady,Lynn",HellgoingStories
721,2014,"Michaels,Sean",UsConductors
722,2005,"Barnes,Julian",ArthurGeorge
723,2005,"Barry,Sebastian",LongLongWay
724,2005,"Ishiguro,Kazuo",NeverLetMeGo
725,2006,"Matar,Hisham",CountryofMen
726,2006,"Waters,Sarah",NightWatch
727,2007,"Hamid,Mohsin",ReluctantFund
728,2007,"Jones,Lloyd",MisterPip
729,2007,"Mcewan,Ian",ChesilBeach
730,2008,"Barry,Sebastian",SecretScripture
731,2008,"Ghosh,Amitav",SeaOfPoppies
732,2008,"Grant,Linda",ClothesOn
733,2008,"Hensher,Philip",NorthernClemency
734,2008,"Toltz,Steve",AFractionoftheWhole
735,2009,"Foulds,Adam",TheQuickeningMaze
736,2009,"Byatt,AS",TheChildrensBook
737,2009,"Coetzee,JM",Summertime
738,2009,"Mawer,Simon",GlassRoom
739,2009,"Waters,Sarah",LittleStranger
740,2010,"Carey,Peter",ParrotandOlivier
741,2010,"Galgut,Damon",InaStrangeRoom
742,2010,"Levy,Andrea",TheLongSong
743,2010,"Mccarthy,Tom",C
744,2011,"Birch,Carol",JamrachsMenagerie
745,2011,"DeWitt,Patrick",SistersBrothers
746,2011,"Edugyan,Esi",Halfbloodblues
747,2011,"Kelman,Stephen",PigeonEnglish
748,2011,"Miller,AD",Snowdrops
749,2012,"Moore,Alison",TheLighthouse
750,2012,"Self,Will",Umbrella
751,2012,"Thayil,Jeet",Narcopolis
752,2012,"TwanEng,Tan",TheGardenofEveningMists
753,2013,"Bulawayo,NoViolet",WeNeed
754,2013,"Crace,Jim",Harvest
755,2013,"Lahiri,Jhumpa",Lowland
756,2013,"Ozeki,Ruth",TaleforTimeBeing
757,2013,"Toibin,Colm",TheTestamentofMary
758,2014,"Ferris,Joshua",RiseAgain
759,2014,"Jacobson,Howard",J
760,2014,"Mukherjee,Neel",LivesofOthers
761,2014,"Smith,Ali",HowToBeBoth
762,2005,"Banville,John",TheSea
763,2008,"Adiga,Aravind",TheWhiteTiger
764,2009,"Mantel,Hilary",WolfHall
765,2010,"Jacobson,Howard",FinklerQuestion
766,2011,"Barnes,Julian",SenseofAn
767,2012,"Mantel,Hilary",BringUptheBod
768,2014,"Flanagan,Richard",NarrowRoad
769,2005,"Doctorow,EL",TheMarch
770,2005,"Gaitskill,Mary",Veronica
771,2005,"Sorrentino,Christopher",Trance
772,2005,"Steinke,Rene",HolySkirts
773,2006,"Kalfus,Ken",DisorderPeculiar
774,2006,"Spiotta,Dana",EattheDocument
775,2006,"Walter,Jess",TheZero
776,2007,"Berlinski,Mischa",Fieldwork
777,2007,"Davis,Lydia",VarietiesofDistrubanceStories
778,2007,"Ferris,Joshua",ThenWeCame
779,2007,"Shepard,Jim",LikeYoudUnderstand
780,2008,"Hemon,Aleksandar",TheLazarusProject
781,2008,"Kushner,Rachel",TelexfromCuba
782,2008,"Scibona,Salvatore",TheEnd
783,2009,"Campbell,BonnieJo",AmericanSalvage
784,2009,"Mueenuddin,Daniyal",InOtherRoomsOtherWonders
785,2010,"Krauss,Nicole",GreatHouse
786,2010,"Shriver,Lionel",SoMuchforThat
787,2011,"Krivak,Andrew",TheSojourn
788,2011,"Obreht,Tea",TheTigersWife
789,2012,"Diaz,Junot",ThisisHow
790,2012,"Eggers,Dave",AHologramfortheKing
791,2012,"Fountain,Ben",BillyLynnsLongHalftimeWalk
792,2012,"Powers,Kevin",YellowBirds
793,2013,"Kushner,Rachel",Flamethrowers
794,2013,"Pynchon,Thomas",BleedingEdge
795,2013,"Saunders,George",TenthofD
796,2014,"Alameddine,Rabih",UnnecessaryWoman
797,2014,"Doerr,Anthony",AlltheLightWeCannotSee
798,2014,"Robinson,Marilynne",Lila
799,2014,"StJohnMandel,Emily",StationEleven
800,2005,"Vollmann,WilliamT",EuropeCentral
801,2006,"Powers,Richard",EchoMaker
802,2007,"Johnson,Denis",TreeofSmoke
803,2008,"Matthiessen,Peter",ShadowCountry
804,2009,"McCann,Colum",LetTheGreatWorldSpin
805,2010,"Gordon,Jaimy",LordofMisrule
806,2011,"Ward,Jesmyn",SalvagetheBones
807,2012,"Erdrich,Louise",RoundHouse
808,2013,"McBride,James",GoodLordBird
809,2014,"Klay,Phil",Redeployment
810,2003,"Low,Gennita",IntoDanger
811,2007,"Grimm,Sarah",AfterMidnight
812,2010,"Pineiro,Caridad",StrongerthanSin
813,2010,"Wilson,Norah",GuardingSuzannah
814,2011,"Brookes,Lindsey",CapturingtheCowboysHeart
815,2011,"Carew,Opal",InTooDeep
816,2011,"Fenech,Karen",Imposter
817,2012,"Brogan,Tracy",CrazyLittleThing
818,2012,"Elliot,Kendra",Chilled
819,2012,"Elliot,Kendra",Hidden
820,2012,"Jacobs,Mara",WorthTheDrive
821,2012,"Kelly,Leslie",BringingDownSam
822,2012,"Morgan,KelliAnne",TheRancher
823,2012,"Shawn,Melanie",SweetReunion
824,2012,"Sheehan,Madeline",Undeniable
825,2013,"Daniels,Elise",Awake
826,2013,"Dune,Lyla",LowTideBikini
827,2013,"Elliot,Kendra",Buried
828,2013,"Gabriel,Julia",Cupcakes&Chardonnay
829,2013,"Jaymes,River",TheBackupBoyfriend
830,2013,"Layne,Kennedy",SinfulResurrection
831,2013,"Madden,JM",EmbattledHearts
832,2013,"Marton,Dana",Deathtrap
833,2013,"McCarthy,Kate",FightingRedemption
834,2013,"Meyer,Tijan",CarterReed
835,2013,"Moore,Addison",BeautifulOblivion
836,2013,"Mummert,Teresa",TheNote
837,2013,"Reynard,Sylvain",GabrielsRedemption
838,2013,"Sex,Nikki",WhatWendyWants
839,2013,"Simsion,Graeme",TheRosieProject
840,2013,"Sparks,Nicholas",TheLongestRide
841,2014,"Adams,Carina",ForeverRed
842,2014,"Adams,Evelyn",FeelsLikeHome
843,2014,"Armentrout,JenniferL",TheReturn
844,2014,"Ashley,Kristen",TheWill
845,2014,"Aurora,Belle",RAW
846,2014,"Blakely,Lauren",NightAfterNight
847,2014,"Brant,Kylie",11
848,2014,"Brogan,Tracy",TheBestMedicine
849,2014,"Bromberg,K",Crashed
850,2014,"Charles,Ann",TheGreatJackalopeStampede
851,2014,"Chase,Emma",Tamed
852,2014,"Connor,Claudia",WorththeFall
853,2014,"Dare,Tessa",RomancingtheDuke
854,2014,"Elliot,Kendra",Alone
855,2014,"Elliot,Kendra",Vanished
856,2014,"Flynn,Avery",HollywoodonTap
857,2014,"Gabaldon,Diana",WritteninMyOwnHeartsBlood
858,2014,"Hannon,Irene",OnePerfectSpring
859,2014,"Harber,Cristin",SweetGirl
860,2014,"Harlow,Melanie",Forked
861,2014,"Harlow,Melanie",Frenched
862,2014,"Holden,Kim",BrightSide
863,2014,"Hoover,Colleen",MaybeSomeday
864,2014,"Hoover,Colleen",UglyLove
865,2014,"Ione,Larissa",Azagoth
866,2014,"James,Elle",SEALsEmbrace
867,2014,"Jewel,Bella",TilDeathVolumeOne
868,2014,"Langston,K",UntilYoureMine
869,2014,"Lauren,Christina",SweetFilthyBoy
870,2014,"Leigh,Melinda",HourofNeed
871,2014,"LoveWins,Bella",CabinHeat
872,2014,"Lund,SE",TheAgreement
873,2014,"Maxlyn,Amanda",WhatsLeftofMe
874,2014,"McLean,Jay",MoreThanHim
875,2014,"Mercier,Anne",FallingDown
876,2014,"Netzel,AC",TheCasualRule
877,2014,"Noble,Olivia",DeadlyLust
878,2014,"Noble,Olivia",SecretsExposed
879,2014,"Noble,Olivia",ThePrivateRoom
880,2014,"Phillips,Carly",DaretoDesire
881,2014,"Raine,Alice",TheDarknessWithinHim
882,2014,"Savage,Shay",Transcendence
883,2014,"Scott,Kylie",Play
884,2014,"Sheridan,Mia",ArchersVoice
885,2014,"Singh,Nalini",ShieldofWinter
886,2014,"StClaire,Roxanne",BarefootinWhite
887,2014,"Torre,Alessandra",BlackLies
888,2014,"Ward,JR",TheKing
889,2014,"Ward,Penelope",StepbrotherDearest
890,2014,"Wilder,Jasinda",FallingAway
891,2014,"Wright,Cynthia",SmugglersMoon
892,2014,"York,Zoe",LoveinaSmallTown
893,2014,"Young,Samantha",BeforeJamaicaLane
894,2014,"Zanders,Abbie",DangerousSecrets
895,2015,"Alexander,Victoria",TheDaringExploitsofaRunawayHeiress
896,2015,"Armentrout,JenniferL",FallWithMe
897,2015,"Ashley,Jennifer",Grant
898,2015,"Bladon,Deborah",CHANCE
899,2015,"Bladon,Deborah",EMBER
900,2015,"Blair,EK",Echo
901,2015,"Bowen,Sarina",ShootingFortheStars
902,2015,"Boyd,Natasha",DeepBlueEternity
903,2015,"Brent,Cora",Unruly
904,2015,"Bruhns,Nina",DangerousCurves
905,2015,"Callihan,Kristen",TheFriendZone
906,2015,"Carmack,Cora",AllPlayedOut
907,2015,"Carter,Mina",TheMistresstakesaMate
908,2015,"Clare,Jessica",LastKiss
909,2015,"Cole,Courtney",VERUM
910,2015,"Cole,Kresley",TheMaster
911,2015,"Cooper,JS",OneNightStand
912,2015,"Crews,Caitlin",GreeksLastRedemption
913,2015,"Cross,Kaylea",CollateralDamage
914,2015,"Crownover,Jay",Asa
915,2015,"Cruise,Marilyn",TheBlackChapel
916,2015,"Douglas,Penelope",FallingAway
917,2015,"Edwards,Nicole",Brendon
918,2015,"Edwards,Nicole",Sawyer
919,2015,"Elliot,Kendra",Bridged
920,2015,"Elliott,Kelly",HoldingYou
921,2015,"Feehan,Christine",CatsLair
922,2015,"Fisher,Tarryn",Marrow
923,2015,"Foor,Jennifer",Binge
924,2015,"Ford,Hannah",WhatHeFights
925,2015,"Frank,Ella",Trust
926,2015,"Frost,Jeaniene",BoundByFlames
927,2015,"Glines,Abbi",WhenImGone
928,2015,"Halle,Karina",WhereSeaMeetsSky
929,2015,"Harlow,Melanie",Floored
930,2015,"Harlow,Melanie",Frenched
931,2015,"Harper,ES",UnexpectedFate
932,2015,"Harrison,Thea",MidnightsKiss
933,2015,"Hart,Emma",DirtyPast
934,2015,"Hawk,Chloe",StepbrotherProtects
935,2015,"Hewitt,Kate",MarakaiosMarriage
936,2015,"Hunting,Helena",PUCKED
937,2015,"Jackson,AL",ComeToMeRecklessly
938,2015,"Jagger,Eve",Hard
939,2015,"James,Nicole",WOLF
940,2015,"Jewel,Bella",TilDeath
941,2015,"Jewel,Bella",TilDeathVolumeTwo
942,2015,"Kennedy,Elle",FlashFire
943,2015,"Kennedy,Elle",TheDeal
944,2015,"Kennedy,Elle",TheMistake
945,2015,"King,CM",ICherishYourHeart
946,2015,"Lain,Tara",KnightofOceanAvenue
947,2015,"Leighten,M",PocketfulofSand
948,2015,"Lewis,RJ",Carter
949,2015,"Lewis,RJ",Leah
950,2015,"Linde,KA",Diamonds
951,2015,"Lynn,Michelle",LoveSurfaced
952,2015,"Lynn,Sandi",HisProposedDeal
953,2015,"Lynn,Sandi",LoveLust&AMillionaire
954,2015,"Mabie,M",Sail
955,2015,"MacLean,Julianne",TheColorofJoy
956,2015,"Macomber,Debbie",BackonBlossomStreet
957,2015,"Malpas,JodiEllen",OneNightUnveiled
958,2015,"Martin,Lex",KissingMadeline
959,2015,"Mathewson,RL",DoubleDare
960,2015,"McLaughlin,Heidi",ChooseMe
961,2015,"McLean,Jay",WhereTheRoadTakesMe
962,2015,"Mead,Richelle",TheRubyCircle
963,2015,"Medley,Lisa",Reap&Repent
964,2015,"Meyer,Marie",AcrosstheDistance
965,2015,"Meyer,Tijan",CarterReed2
966,2015,"Michaels,Jess",TheWidowWager
967,2015,"Michele,Beth",FortheLoveofRaindrops
968,2015,"Moning,KarenMarie",Burned
969,2015,"Morey,Trish",CaptiveofKadar
970,2015,"Mosteller,MistiD",TheFatRules
971,2015,"Nissenson,Janet",Shattered
972,2015,"Pierce,M",AfterDark
973,2015,"Proby,Kristen",EasyLove
974,2015,"Raeder,Leah",BlackIris
975,2015,"Reid,Stacy",SinsofaDuke
976,2015,"Reilly,Cora",BoundByHatred
977,2015,"Reynolds,AuroraRose",UntilJuly
978,2015,"Ritchie,Krista",FuelTheFire
979,2015,"Roberts,Nora",TheLiar
980,2015,"Ryan,Kaylee",JustSayWhen
981,2015,"Ryan,Kendall",TheGentlemanMentor
982,2015,"Scott,Ginger",WildReckless
983,2015,"Scott,JS",NoOrdinaryBillionaire
984,2015,"Shea,Rebecca",BrokenbyLies
985,2015,"Silver,Jordan",TheCrush
986,2015,"Silver,Jordan",TheSoccerMomsBadBoy
987,2015,"Sivec,Tara",WorththeTrip
988,2015,"Slaughter,Phoenyx",Asunder
989,2015,"Smart,Michelle",TheGreeksPregnantBride
990,2015,"Smeltzer,Micalea",NeverTooLate
991,2015,"Snow,Nicole",StepbrotherCharming
992,2015,"Stephens,SC",Thoughtful
993,2015,"Sterling,J",10YearsLater
994,2015,"Stoker,Susan",ProtectingCheyenne
995,2015,"Suzanne,Ashley",Rekindle
996,2015,"Taiden,Milly",StripeTease
997,2015,"Taiden,Milly",TallDarkandPanther
998,2015,TheMadTatter,"Darhower,JM"
999,2015,"Tucker,KA",BecomingRain
1000,2015,"Vale,LaniLynn",CenterMass
1001,2015,"Wade,Ellie",ABeautifulKindofLove
1002,2015,"Waltz,Vanessa",KnockedUpbytheBadBoy
1003,2015,"Ward,HM",LifeBeforeDamage
1004,2015,"Wilder,L",Combust
1005,2015,"Williams,WhitneyGracia",SincerelyCarter
1006,2015,"Winters,Pepper",ThirdDebt
1007,2015,"Wood,Jessica",PromisetoMarry
1008,2015,"Wylde,Joanna",SilverBastard
1009,2015,"Zolendz,Christine",HeresToFalling
1010,2001,"Wilson,RobertCharles",TheChronoliths
1011,2002,"Anderson,MT",Feed
1012,2006,"Campbell,Jack",TheLostFleet
1013,2009,"Niven,Larry",EscapeFromHell
1014,2010,"Atwood,Margaret",TheYearoftheFlood
1015,2010,"Bacigalupi,Paolo",ShipBreaker
1016,2010,"Barnes,John",Directive51
1017,2010,"Bear,Greg",HullZeroThree
1018,2010,"Bujold,LoisMcMaster",Cryoburn
1019,2010,"Cronin,Justin",ThePassage
1020,2010,"Frey,JM",Triptych
1021,2010,"Gonzales,Laurence",Lucy
1022,2010,"Grant,Mira",Feed
1023,2010,"Haldeman,Joe",Starbound
1024,2010,"Maberry,Jonathan",RotandRuin
1025,2010,"Mullin,Mike",Ashfall
1026,2010,"Nunez,Sigrid",SalvationCity
1027,2010,"Pfeffer,SusanBeth",ThisWorldWeLiveIn
1028,2010,"Rajaniemi,Hannu",TheQuantumThief
1029,2010,"Richards,DouglasE",Wired
1030,2010,"Ringo,John",LiveFreeorDie
1031,2010,"Shteyngart,Gary",SuperSadTrueLoveStory
1032,2010,"Snyder,MariaV",InsideOut
1033,2010,"Tufo,Mark",ZombieFallout
1034,2010,"Walton,Jo",AmongOthers
1035,2010,"Willis,Connie",AllClear
1036,2010,"Willis,Connie",Blackout
1037,2011,"Bear,Elizabeth",Grail
1038,2011,"Bick,IlsaJ",Ashes
1039,2011,"Brooks,Albert",2030
1040,2011,"Cline,Ernest",ReadyPlayerOne
1041,2011,"Corey,JamesSA",LeviathanWakes
1042,2011,"Forstchen,WilliamR",OneSecondAfter
1043,2011,"Frater,Rhiannon",FightingtoSurvive
1044,2011,"Herbert,Brian",Hellhole
1045,2011,"Hertling,William",AvogadroCorp
1046,2011,"Huston,Charlie",Sleepless
1047,2011,"Johnson,Jean",ASoldiersDuty
1048,2011,"Jordan,Hillary",WhenSheWoke
1049,2011,"King,Stephen",11/22/1963
1050,2011,"Lu,Marie",Legend
1051,2011,"Mayer,AndrewP",HeartsofSmokeandStream
1052,2011,"McDevitt,Jack",Firebird
1053,2011,"McIntosh,Will",SoftApocalypse
1054,2011,"Nickle,David",Eutopia
1055,2011,"North,Anna",AmericaPacifica
1056,2011,"Revis,Beth",AcrosstheUniverse
1057,2011,"Ringo,John",Citadel
1058,2011,"Sandler,Karen",Tankborn
1059,2011,"Sawyer,RobertJ",Wonder
1060,2011,"Scalzi,John",FuzzyNation
1061,2011,"Shean,Michael",ShadowofaDeadStar
1062,2011,"Slonczewski,Joan",TheHighestFrontier
1063,2011,"Stephenson,Neal",Reamde
1064,2011,"Stross,Charles",Rule34
1065,2011,"Vinge,Vernor",ChildrenoftheSky
1066,2011,"Weir,Andy",TheMartian
1067,2011,"Whitehead,Colson",ZoneOne
1068,2011,"Wilson,DanielH",Robopocalypse
1069,2012,"Adams,David",Lacuna
1070,2012,"Ashby,Madeline",vN
1071,2012,Banks,"Banks,IainM"
1072,2012,"Boudinot,Ryan",BlueprintsoftheAfterlife
1073,2012,"Brin,David",Existence
1074,2012,"Buckell,TobiasS",ArcticRising
1075,2012,"Bujold,LoisMcMaster",CaptainVorpatrilsAlliance
1076,2012,"Cherryh,CJ",Intruder
1077,2012,"Cramer,Scott",NightofthePurpleMoon
1078,2012,"Crouch,Blake",Pines
1079,2012,"Fagan,Jenni",ThePanopticon
1080,2012,"Frankel,Laurie",GoodbyeforNow
1081,2012,"Gould,Steven",Impulse
1082,2012,"Harkaway,Nick",Angelmaker
1083,2012,"Heller,Peter",TheDogStars
1084,2012,"Howey,Hugh",Wool
1085,2012,"Hurley,Kameron",Rapture
1086,2012,"Jones,PaulAntony",ExtinctionPoint
1087,2012,"Kress,Nancy",AftertheFall
1088,2012,"Lerner,EdwardM",Energized
1089,2012,"Mead,Richelle",TheImmortalCrown
1090,2012,"Molles,DJ",TheRemaining
1091,2012,"Mullin,Mike",AshenWinter
1092,2012,"Naam,Ramez",Nexus
1093,2012,"OBrien,CaraghM",Promised
1094,2012,"Phillips,Richard",TheSecondShip
1095,2012,"Rajaniemi,Hannu",TheFractalPrince
1096,2012,"Roberts,Adam",JackGlass
1097,2012,"Robinson,KimStanley",2312
1098,2012,"Sawyer,RobertJ",Triggers
1099,2012,"Shepherd,Mike",KrisLongknife
1100,2012,"Slattery,BrianFrancis",LostEverything
1101,2012,"Smitherd,Luke",TheStoneMan
1102,2012,"Suarez,Daniel",KillDecision
1103,2012,"Varley,John",SlowApocalypse
1104,2012,"Walker,KarenThompson",TheAgeofMiracles
1105,2012,"Weber,David",ARisingThunder
1106,2012,"Williams,WalterJon",TheFourthWall
1107,2013,"Aguirre,AA",BronzeGods
1108,2013,"Ashby,Madeline",iD
1109,2013,"Asher,Neal",JupiterWar
1110,2013,"Asher,Neal",TheDeparture
1111,2013,"Barry,Max",Lexicon
1112,2013,"Baxter,Stephen",Proxima
1113,2013,"Bick,IlsaJ",Monsters
1114,2013,"Bova,Ben",NewEarth
1115,2013,"Haig,Matt",TheHumans
1116,2013,"Hertling,William",TheLastFirewall
1117,2013,"Howey,Hugh",Dust
1118,2013,"Hudspeth,EB",TheResurrectionist
1119,2013,"Istvan,Zoltan",TheTranshumanistWager
1120,2013,"Karsak,Melanie",ChasingtheStarGarden
1121,2013,"Kaufman,Amie",TheseBrokenStars
1122,2013,"Kincaid,SJ",Vortex
1123,2013,"Leckie,Ann",AncillaryJustice
1124,2013,"Lord,Karen",TheBestofAllPossibleWorlds
1125,2013,"Mather,Matthew",TheAtopiaChronicles
1126,2013,"Mather,Matthew",TheDystopiaChronicles
1127,2013,"McGinnis,MarkWayne",ScrapyardShip
1128,2013,"McIntosh,Will",LoveMinusEighty
1129,2013,"Monk,Devon",ColdCopper
1130,2013,"Morgan,Kass",The100
1131,2013,"Priest,Christopher",TheAdjacent
1132,2013,"Reynolds,Alastair",OntheSteelBreeze
1133,2013,"Riddle,AG",TheAtlantisGene
1134,2013,"Robinson,KimStanley",Shaman
1135,2013,"Schwab,VE",Vicious
1136,2013,"Scott,JasperT",DarkSpace
1137,2013,"Stross,Charles",NeptunesBrood
1138,2013,TerryPratchett,TheLongEarth
1139,2013,"Weber,David",ShadowofFreedom
1140,2013,"Wehr,Dietmar",TheSynchronicityWarPart1
1141,2013,"Wilson,RobertCharles",BurningParadise
1142,2013,"Winters,BenH",CountdownCity
1143,2013,"Yanagihara,Hanya",ThePeopleintheTrees
1144,2014,"Aguirre,AA",SilverMirrors
1145,2014,"Brown,Pierce",RedRising
1146,2014,"Cambias,JamesL",ADarklingSea
1147,2014,"Card,OrsonScott",Visitors
1148,2014,"Carey,MR",TheGirlWithAlltheGifts
1149,2014,"Faber,Michel",TheBookofStrangeNewThings
1150,2014,"Gibson,William",ThePeripheral
1151,2014,"Gould,Steven",Exo
1152,2014,"Gray,Claudia",AThousandPiecesofYou
1153,2014,"Gregory,Daryl",Afterparty
1154,2014,"Heppner,Vaughn",StarViking
1155,2014,"Herbert,Brian",HellholeInferno
1156,2014,"Higson,Charlie",TheHunted
1157,2014,"Hile,Christiaan",Deception
1158,2014,"Hile,Christiaan",War267
1159,2014,"Ingermanson,RS",Transgression
1160,2014,"Itaranta,Emmi",MemoryofWater
1161,2014,"Johnson,Jean",Hardship
1162,2014,"Karsak,Melanie",ChasingtheGreenFairy
1163,2014,"Kloos,Marko",LinesofDeparture
1164,2014,"Leckie,Ann",AncillarySword
1165,2014,"Mandel,EmilyStJohn",StationEleven
1166,2014,"McDevitt,Jack",ComingHome
1167,2014,"Mead,Richelle",GameboardoftheGods
1168,2014,"Monk,Devon",HouseImmortal
1169,2014,"Morrow,JasonD",AnywherebutHere
1170,2014,"North,Claire",TheFirstFifteenLives
1171,2014,"Nuttall,Christopher",ArkRoyal
1172,2014,"Paull,Laline",TheBees
1173,2014,"Richards,DouglasE",QuantumLens
1174,2014,"Riddle,AG",Departure
1175,2014,"Rowell,Rainbow",Landline
1176,2014,"Smith,NicholasSansbury",ExtinctionHorizon
1177,2014,"VanderMeer,Jeff",Annihilation
1178,2014,"VanderMeer,Jeff",Authority
1179,2014,"Watts,Peter",Echopaxia
1180,2014,"Wells,JenniferFoehner",Fluency
1181,2014,"Wilson,DanielH",Robogenesis
1182,2014,"Yancey,Rick",TheInfiniteSea
1183,2015,"Bacigalupi,Paolo",TheWaterKnife
1184,2015,"Brown,Pierce",GoldenSon
1185,2015,"Cherryh,CJ",Tracker
1186,2015,"Chu,Wesley",TheRebirthspfTao
1187,2015,"Clines,Peter",TheFold
1188,2015,"Corey,JamesSA",NemesisGames
1189,2015,"Dawson,DelilahS",Hit
1190,2015,"Douglas,Ian",DeepTime
1191,2015,"Ee,Susan",EndofDays
1192,2015,"Goodwin,Emily",Contagious
1193,2015,"Greenfeld,KarlTaro",TheSubprimes
1194,2015,"Grossart,Chuck",TheGeminiEffect
1195,2015,"Headley,MariaDahvana",Magonia
1196,2015,"Heppner,Vaughn",TheLostDestroyer
1197,2015,"Keyes,Greg",FootstepsintheSky
1198,2015,"Kloos,Marko",AnglesofAttack
1199,2015,"Logan,Kirsty",TheGracekeepers
1200,2015,"Lord,Karen",TheGalaxyGame
1201,2015,"Matson,Lynne",NilUnlocked
1202,2015,"McCammon,Robert",TheBorder
1203,2015,"Naam,Ramez",Apex
1204,2015,"Rosen,LevAC",Depth
1205,2015,"Rotter,Jeffrey",TheOnlyWords
1206,2015,"Sanderson,Brandon",Firefight
1207,2015,"Stephenson,Neal",Seveneves
1208,2015,"Walton,David",Superposition
1209,2015,"Wellington,David",Positive
1210,2015,"William,EliKP",CashCrashJubilee
1211,2015,"Womack,Gwendolyn",TheMemoryPainter
